success_rate,solved,failed,avg_attempts,avg_time,difficulty_score,recent_success_rate,skill_level
0.3833,2,7,5.5649,57.6607,2.2155,0.3645,Weak
0.228,0,5,2.5259,48.7351,1.5296,0.1557,Weak
0.9091,16,4,1.4289,8.451,2.7291,0.9995,Strong
0.7002,10,3,1.8342,38.7494,1.4626,0.6944,Medium
0.7613,27,2,1.045,17.6023,1.2013,0.7209,Strong
0.3533,5,4,4.6479,58.331,2.372,0.388,Weak
0.82,13,6,1.5929,21.7618,1.776,0.7852,Strong
0.1136,0,1,4.6101,36.4845,1.5306,0.0895,Weak
0.5817,6,3,1.9166,21.7178,2.843,0.5372,Medium
0.0111,1,7,2.7412,46.0858,1.3244,0.0,Weak
0.3725,0,1,3.1056,63.3586,1.4733,0.3588,Weak
0.8147,28,1,1.6502,10.5273,2.6381,0.8788,Strong
0.7962,17,3,1.0668,18.1215,2.6433,0.8387,Strong
0.0558,2,4,5.3518,44.9519,1.5563,0.0,Weak
0.9851,22,7,1.0161,17.1714,1.9125,1.0,Strong
0.9194,24,7,1.4112,19.2824,2.1834,1.0,Strong
0.544,5,7,2.6973,20.3595,1.0921,0.5395,Medium
0.5347,12,4,2.3109,32.5319,2.1668,0.4768,Medium
0.3697,1,5,3.9179,40.1125,2.6087,0.2338,Weak
0.6668,10,6,2.0241,39.3202,1.5348,0.619,Medium
0.7795,17,2,1.5552,24.3709,1.2613,0.7643,Strong
0.6921,8,1,2.2082,35.5658,2.4359,0.689,Medium
0.6921,13,5,1.8233,41.0027,2.8526,0.6471,Medium
0.8496,15,3,1.1858,12.5395,2.1074,0.9441,Strong
0.7692,22,5,1.5806,14.4548,2.8362,0.8415,Strong
0.9125,28,4,1.3183,19.554,1.8599,0.9768,Strong
0.5879,8,1,1.8246,44.7363,2.2383,0.6298,Medium
0.491,12,7,1.6212,31.3793,2.6161,0.4736,Medium
0.9851,22,6,1.7151,22.8213,2.1609,1.0,Strong
0.739,8,3,1.864,36.4761,2.6157,0.7853,Medium
0.9976,19,3,1.1227,9.145,1.9668,1.0,Strong
0.3806,0,3,5.9437,63.0833,2.7737,0.243,Weak
0.7354,13,1,2.76,23.1501,1.9426,0.7029,Medium
0.5166,10,5,1.6268,41.8518,1.4025,0.5818,Medium
0.8646,14,6,1.1988,13.697,1.9778,0.9316,Strong
0.453,14,3,2.1586,42.0243,1.8773,0.4885,Medium
0.5576,4,3,1.8543,34.5928,1.9713,0.4948,Medium
0.9431,13,4,1.0097,14.3463,2.2683,0.9973,Strong
0.9286,10,2,1.145,24.2461,1.078,1.0,Strong
0.6933,12,1,2.7023,27.5605,2.9392,0.6259,Medium
0.4486,0,3,4.9285,66.8745,1.9786,0.4187,Weak
0.9389,17,6,1.658,13.8109,1.084,1.0,Strong
0.4211,0,5,3.079,67.732,1.1895,0.3002,Weak
0.9106,16,4,1.6352,20.7962,2.9328,0.8924,Strong
0.3829,3,2,3.435,36.6624,2.8949,0.3659,Weak
0.7933,28,6,1.5981,19.5263,2.0828,0.8284,Strong
0.7676,7,7,1.1114,18.5164,1.5405,0.7519,Strong
0.8416,11,7,1.3955,14.7689,2.7648,0.9331,Strong
0.9773,15,3,1.2965,24.3382,2.7164,1.0,Strong
0.8425,16,2,1.262,18.6402,1.8379,0.8591,Strong
0.5367,12,7,1.6808,28.7805,1.4332,0.6352,Medium
0.3693,5,4,4.0833,69.6118,2.6503,0.4008,Weak
0.9763,25,5,1.7014,16.627,2.1388,0.9407,Strong
0.8839,19,3,1.0116,14.618,1.8692,0.9287,Strong
0.3564,2,4,3.4064,45.7011,2.0732,0.3381,Weak
0.7536,7,1,1.5322,9.3778,1.6279,0.811,Strong
0.2274,3,1,5.1876,50.0803,1.383,0.267,Weak
0.1222,1,2,4.0725,35.6341,2.0728,0.0938,Weak
0.0968,4,6,3.8929,73.1327,2.212,0.0766,Weak
0.7558,28,3,1.5778,9.8187,2.4443,0.8021,Strong
0.8177,13,1,1.5452,10.6162,2.2116,0.8824,Strong
0.8105,26,6,1.3228,14.5134,2.8193,0.8915,Strong
0.8872,12,4,1.0314,11.7606,1.1742,0.8681,Strong
0.9324,14,3,1.0364,19.0967,1.0664,0.8956,Strong
0.7602,7,4,1.7233,17.6289,2.2142,0.7371,Strong
0.0841,5,4,4.5744,55.1052,2.2832,0.1125,Weak
0.9438,25,2,1.4467,20.7493,1.7156,0.966,Strong
0.6714,6,5,2.593,42.2602,2.3387,0.6207,Medium
0.558,5,6,2.5864,36.2377,2.4881,0.5893,Medium
0.4715,8,1,1.6723,26.0849,1.4661,0.4869,Medium
0.4903,12,5,2.5977,21.6616,1.1648,0.5572,Medium
0.8308,15,4,1.7558,12.6292,1.0963,0.8783,Strong
0.3378,5,6,5.9293,55.3101,1.6683,0.3202,Weak
0.8995,18,1,1.089,11.4874,1.6704,0.9523,Strong
0.8396,7,2,1.7754,8.4606,1.4544,0.811,Strong
0.5132,12,4,2.7294,40.0751,2.7426,0.4256,Medium
0.8145,14,6,1.5067,20.3792,1.5088,0.863,Strong
0.7721,24,4,1.0091,8.6213,2.424,0.7522,Strong
0.3383,0,7,4.012,35.9868,2.8922,0.2656,Weak
0.0546,1,5,3.9609,71.4087,1.649,0.0378,Weak
0.4301,1,1,3.2826,63.9915,1.1503,0.3391,Weak
0.9124,7,4,1.645,23.5633,2.9856,0.9302,Strong
0.0786,2,1,4.2223,48.7908,2.0681,0.0053,Weak
0.952,18,4,1.6929,14.96,2.8215,1.0,Strong
0.4645,13,7,2.633,44.5279,1.146,0.3967,Medium
0.2882,3,5,5.9048,58.3972,1.317,0.2209,Weak
0.0713,4,7,3.65,72.3816,1.6586,0.0979,Weak
0.9113,7,1,1.6899,8.5301,1.2084,0.8984,Strong
0.2941,0,4,5.0789,59.8921,1.2581,0.1852,Weak
0.6054,3,2,1.9388,21.6754,2.7293,0.5598,Medium
0.4688,12,6,1.6726,21.0088,2.7383,0.3794,Medium
0.5399,14,1,2.8064,29.57,2.7194,0.5083,Medium
0.8664,29,7,1.4573,18.428,2.8333,0.8758,Strong
0.9242,14,4,1.4342,13.8118,2.581,0.9328,Strong
0.1396,4,7,5.3591,65.6217,2.0081,0.1594,Weak
0.6089,7,5,2.898,34.3572,2.6519,0.5702,Medium
0.6398,6,7,1.8786,34.5238,2.7242,0.616,Medium
0.177,4,3,4.4141,54.4731,1.7598,0.1013,Weak
0.9557,28,1,1.4061,18.3315,2.4112,0.9397,Strong
0.7775,19,1,1.6737,21.5975,1.2252,0.7604,Strong
0.4835,14,5,1.8168,32.2124,2.9081,0.4949,Medium
0.9906,19,7,1.7632,12.6589,2.7846,0.9793,Strong
0.6487,12,4,2.4509,23.8012,1.6281,0.6029,Medium
0.9058,6,5,1.5566,19.4222,2.2858,0.9612,Strong
0.2806,2,7,3.14,49.0688,2.1619,0.2648,Weak
0.7259,14,4,1.9279,32.1533,1.1742,0.8235,Medium
0.2862,5,1,5.6328,54.5712,1.1784,0.1493,Weak
0.0453,1,5,3.1095,53.528,2.1851,0.0357,Weak
0.0436,0,6,4.0692,43.1149,1.6793,0.0,Weak
0.0741,2,1,5.3831,54.185,1.2949,0.0578,Weak
0.7546,24,2,1.6772,24.6802,1.0789,0.7298,Strong
0.2139,1,5,4.0546,37.1163,1.9165,0.2338,Weak
0.918,7,5,1.1072,16.8216,2.3384,1.0,Strong
0.2795,0,1,3.2443,50.9863,1.71,0.1643,Weak
0.7423,11,2,1.6192,29.6399,1.8801,0.7114,Medium
0.2597,0,7,4.7116,52.9001,2.9787,0.1872,Weak
0.7539,26,6,1.0958,23.0616,2.5024,0.8341,Strong
0.8094,20,1,1.6041,10.8268,2.758,0.8009,Strong
0.6763,7,5,2.2005,42.7109,1.3807,0.6342,Medium
0.9751,21,5,1.1455,12.6265,1.9641,0.9506,Strong
0.5663,9,3,2.4852,34.6734,1.9574,0.5105,Medium
0.1723,2,1,4.4925,59.7499,1.8191,0.1659,Weak
0.4156,0,1,3.6838,63.5483,1.1072,0.3924,Weak
0.3271,5,3,2.7709,37.2173,1.9416,0.3141,Weak
0.7179,8,3,2.0255,31.606,2.6504,0.8106,Medium
0.2312,0,7,3.5484,35.4004,1.7469,0.2464,Weak
0.9029,21,2,1.6362,14.9437,1.917,0.899,Strong
0.7517,7,5,1.0451,18.7691,1.0248,0.8005,Strong
0.6635,11,3,2.0309,43.7861,1.7564,0.5802,Medium
0.4697,8,7,2.542,44.3269,2.2119,0.4904,Medium
0.8778,13,5,1.3283,24.7913,2.3046,0.8769,Strong
0.1164,1,1,2.5618,62.9754,1.7354,0.0664,Weak
0.9488,26,1,1.2037,19.8324,2.3542,0.99,Strong
0.8731,18,4,1.4257,10.0496,1.1023,0.9232,Strong
0.059,5,3,3.8881,65.526,1.3876,0.0,Weak
0.7041,9,4,1.9477,21.7759,1.9657,0.7383,Medium
0.4727,12,4,1.6958,21.5641,2.3267,0.4563,Medium
0.5178,14,3,2.1381,40.3735,1.9376,0.5495,Medium
0.5343,10,4,2.3869,26.7378,1.6157,0.5211,Medium
0.3817,2,5,4.6739,50.2822,1.2252,0.3001,Weak
0.3175,1,4,3.278,64.2404,1.1574,0.266,Weak
0.6841,13,1,1.6875,26.7141,2.0049,0.7408,Medium
0.8352,16,3,1.0145,8.7776,1.5716,0.8939,Strong
0.4674,3,7,2.9058,28.1563,2.1844,0.4919,Medium
0.6245,14,4,1.6254,20.8728,2.2384,0.5751,Medium
0.5981,11,3,2.5401,41.6108,2.1415,0.6663,Medium
0.4988,7,2,2.5715,39.9433,2.1631,0.4375,Medium
0.6393,6,2,2.0215,21.4245,2.2665,0.545,Medium
0.5892,12,7,2.7757,42.0729,2.955,0.5749,Medium
0.631,9,6,1.616,24.6931,1.284,0.6444,Medium
0.3446,0,2,4.5088,46.4436,1.862,0.3358,Weak
0.959,20,2,1.2791,18.08,2.3765,0.9384,Strong
0.5465,10,1,1.832,26.2417,2.7805,0.5811,Medium
0.7902,8,2,1.5523,16.3202,1.794,0.8704,Strong
0.051,5,1,3.4295,73.4885,1.3415,0.0,Weak
0.7493,10,3,2.1505,36.7789,2.8236,0.7684,Medium
0.8549,22,5,1.1613,14.3357,1.5785,0.9254,Strong
0.9038,15,5,1.2849,22.8525,2.8049,0.9128,Strong
0.444,0,3,5.5756,55.7683,1.5564,0.3514,Weak
0.8791,10,6,1.2579,14.7361,1.8193,0.9161,Strong
0.1921,5,1,3.5703,48.6387,2.0252,0.0546,Weak
0.1305,4,4,5.6491,69.2066,1.3672,0.0929,Weak
0.2669,1,1,4.5047,43.2614,1.5494,0.142,Weak
0.9523,21,3,1.1387,13.0372,1.246,0.9874,Strong
0.7576,17,3,1.2589,24.0264,1.7423,0.7433,Strong
0.25,2,5,4.5986,43.5282,1.1819,0.2788,Weak
0.8807,23,6,1.4669,12.9835,2.3415,0.8558,Strong
0.1266,0,1,3.1161,36.1668,1.1039,0.101,Weak
0.3062,2,2,5.6115,51.7572,2.6711,0.2193,Weak
0.7926,7,7,1.6092,15.6915,1.3319,0.7771,Strong
0.4608,14,5,2.1486,35.3782,1.04,0.5388,Medium
0.3358,1,2,2.9518,49.6445,1.8848,0.3129,Weak
0.8126,16,1,1.5847,10.2018,2.928,0.9016,Strong
0.9057,16,1,1.1235,21.2529,2.7802,0.9127,Strong
0.945,10,5,1.0327,15.5821,1.0153,1.0,Strong
0.6967,11,4,2.4451,32.509,1.9044,0.6676,Medium
0.9842,23,2,1.3937,16.4382,2.9011,0.9881,Strong
0.4285,4,5,4.3017,43.0832,2.1942,0.4039,Weak
0.9718,7,5,1.7603,9.6905,2.3063,0.9268,Strong
0.4713,9,7,2.8356,25.9233,2.0219,0.5208,Medium
0.7279,8,4,2.3209,36.8191,2.4577,0.7101,Medium
0.2331,5,4,2.9864,61.318,1.5233,0.1367,Weak
0.7513,25,6,1.4027,12.2444,2.8635,0.7891,Strong
0.0075,4,1,4.5389,35.6368,2.3098,0.0,Weak
0.9425,13,5,1.2309,11.7483,1.8611,0.9854,Strong
0.3659,2,7,4.1227,35.5749,2.75,0.4142,Weak
0.6061,9,4,2.1552,28.1323,2.9909,0.6538,Medium
0.3133,4,4,5.2278,74.3494,1.8161,0.2391,Weak
0.5336,4,2,2.8627,38.7937,2.8524,0.6194,Medium
0.6746,13,7,1.9507,44.9723,1.0665,0.7383,Medium
0.4179,2,1,4.9891,47.2358,2.763,0.424,Weak
0.7484,13,2,2.705,24.9105,1.945,0.8226,Medium
0.7551,7,3,1.2555,24.7423,2.7144,0.7691,Strong
0.4043,5,6,3.884,67.5444,1.964,0.3251,Weak
0.4731,3,2,1.9837,40.5458,2.9189,0.4591,Medium
0.9718,22,3,1.1538,24.154,1.011,1.0,Strong
0.8313,10,2,1.0951,9.117,1.4797,0.8686,Strong
0.4247,0,5,4.314,45.0136,1.4562,0.3335,Weak
0.2197,0,2,5.5042,63.0545,1.8604,0.1713,Weak
0.8754,26,2,1.7859,15.2721,2.6912,0.9255,Strong
0.3789,3,3,3.4187,48.7723,2.308,0.2477,Weak
0.1129,2,4,5.0278,68.269,2.8444,0.0973,Weak
0.5536,3,3,2.1986,32.6377,2.4119,0.4806,Medium
0.2418,1,6,3.6051,46.9783,1.6771,0.2654,Weak
0.1518,1,2,5.222,58.9053,2.3986,0.1941,Weak
0.9144,27,1,1.1476,19.8561,1.5495,0.9118,Strong
0.4707,13,7,2.2528,36.9348,1.8575,0.4144,Medium
0.4985,4,7,2.6477,27.1427,1.7945,0.4802,Medium
0.6655,14,2,2.4548,44.2482,2.6247,0.5768,Medium
0.0504,0,6,2.6941,52.1554,2.2997,0.097,Weak
0.0844,1,4,5.774,63.9223,2.2283,0.035,Weak
0.7322,9,1,1.706,34.1445,1.1076,0.6442,Medium
0.715,4,2,1.6021,36.4182,1.6475,0.7582,Medium
0.4415,1,1,4.4914,69.7584,2.9834,0.3986,Weak
0.0774,0,4,5.3237,73.5795,1.5344,0.0126,Weak
0.9352,29,7,1.1223,20.5389,1.8441,0.8924,Strong
0.5185,5,5,1.7136,38.9823,2.0074,0.5504,Medium
0.9917,26,1,1.5433,8.4148,1.7095,1.0,Strong
0.5837,4,1,2.7398,38.541,1.852,0.4938,Medium
0.6803,13,1,2.5195,43.5423,2.2493,0.7126,Medium
0.1765,5,5,5.0677,59.1139,1.9705,0.1725,Weak
0.0697,5,6,4.5026,70.961,1.0941,0.1107,Weak
0.4489,1,5,5.6986,67.7258,1.281,0.327,Weak
0.0039,0,1,5.5776,40.9141,2.3399,0.0,Weak
0.7818,13,4,1.0919,11.9214,1.7491,0.8223,Strong
0.4806,8,7,2.0677,34.1545,2.7065,0.4961,Medium
0.605,13,4,2.264,40.9795,1.4383,0.5302,Medium
0.7659,23,4,1.502,9.7698,2.0253,0.7174,Strong
0.8757,26,5,1.7162,18.1366,1.0031,0.903,Strong
0.6439,8,7,2.6342,22.1276,1.278,0.6896,Medium
0.779,20,2,1.4185,11.7431,2.7768,0.7699,Strong
0.8777,7,4,1.6918,12.3841,1.9375,0.9024,Strong
0.4295,5,6,2.6998,56.461,2.6849,0.3893,Weak
0.5597,13,1,2.1196,25.2627,1.2364,0.6112,Medium
0.2026,5,2,5.2618,55.8093,2.8287,0.1609,Weak
0.9072,20,3,1.2014,18.7546,1.2496,0.9464,Strong
0.3375,1,3,2.9876,62.5916,2.4399,0.371,Weak
0.7352,11,1,1.6945,43.2046,2.7524,0.822,Medium
0.0646,5,5,3.1089,39.4057,1.0767,0.0894,Weak
0.3261,3,2,3.7553,64.8568,2.9247,0.2685,Weak
0.9395,14,6,1.6517,16.4299,2.9118,0.981,Strong
0.4828,5,7,1.6765,28.763,1.0136,0.5598,Medium
0.9428,11,3,1.059,20.1715,1.3498,0.9291,Strong
0.3623,0,2,5.5318,72.8198,2.5076,0.3469,Weak
0.8409,6,4,1.3604,10.0018,2.3356,0.8017,Strong
0.6608,8,1,2.3262,43.2285,2.4456,0.6975,Medium
0.6539,6,1,2.1735,41.5551,2.6406,0.6334,Medium
0.3909,5,6,4.4389,53.732,2.8649,0.4106,Weak
0.8392,17,1,1.4667,15.493,2.4977,0.8575,Strong
0.8129,6,1,1.4849,17.421,1.3707,0.8323,Strong
0.65,12,4,1.851,29.3637,2.1408,0.6894,Medium
0.9612,8,6,1.1834,21.2574,2.8189,0.9148,Strong
0.8864,13,4,1.5952,20.6396,1.8036,0.8776,Strong
0.9929,9,6,1.1033,17.8008,2.1864,0.9475,Strong
0.3027,3,2,5.9753,58.1287,2.2584,0.3198,Weak
0.358,3,5,5.1359,73.4332,2.8978,0.355,Weak
0.8163,15,4,1.4946,24.0525,2.8152,0.9143,Strong
0.7018,7,2,2.3684,30.2798,2.0601,0.7402,Medium
0.9243,14,6,1.1968,12.0592,1.5901,1.0,Strong
0.026,4,2,2.7741,61.626,1.512,0.0,Weak
0.6009,7,2,2.5868,20.7787,1.6522,0.5031,Medium
0.9147,26,4,1.5022,19.857,1.1153,0.9876,Strong
0.0146,5,6,5.9337,61.6933,2.2451,0.0,Weak
0.5615,12,7,1.7279,40.4243,1.3438,0.6572,Medium
0.5843,3,1,2.3037,30.4652,1.9006,0.601,Medium
0.7182,6,2,1.9546,25.937,1.0537,0.6831,Medium
0.5873,12,7,1.97,21.3337,2.8357,0.501,Medium
0.5685,13,7,2.454,39.4776,2.773,0.5049,Medium
0.1576,3,6,3.5376,40.9775,2.0099,0.0403,Weak
0.6621,14,1,2.0835,26.7987,1.3891,0.7091,Medium
0.4873,10,5,2.1714,28.8731,2.0752,0.5706,Medium
0.71,7,5,1.886,32.7464,1.7749,0.6688,Medium
0.6742,5,5,2.7271,26.9592,2.5091,0.7619,Medium
0.2395,5,1,5.2522,55.0014,2.8162,0.2807,Weak
0.8977,10,1,1.1496,11.9384,2.1644,0.915,Strong
0.86,18,4,1.0651,18.7485,2.7805,0.8379,Strong
0.9019,8,5,1.1144,11.8183,2.2693,0.986,Strong
0.9787,22,6,1.1692,13.4188,1.2421,1.0,Strong
0.6913,10,7,2.1193,39.549,2.0918,0.6658,Medium
0.8797,7,3,1.6797,8.3126,2.8058,0.8596,Strong
0.4326,3,4,3.3868,44.5024,2.1776,0.338,Weak
0.1735,3,4,5.0284,61.5736,2.5493,0.0466,Weak
0.8997,6,5,1.6612,18.3142,1.7919,0.8982,Strong
0.1378,0,2,5.1735,37.5273,2.4407,0.0691,Weak
0.6822,7,5,1.6116,24.9163,1.6786,0.6903,Medium
0.2987,2,2,2.5874,73.5238,2.0532,0.216,Weak
0.5664,8,6,2.4823,40.0951,2.3992,0.4712,Medium
0.0258,1,3,2.5272,69.3573,1.245,0.0,Weak
0.5058,11,6,2.7082,29.8023,2.0713,0.4511,Medium
0.028,1,3,4.6079,64.0425,1.0844,0.0676,Weak
0.676,6,6,2.9331,34.9289,1.1274,0.7268,Medium
0.06,5,7,4.1593,43.1888,2.9978,0.0,Weak
0.6985,6,3,2.5254,38.5563,2.7067,0.7922,Medium
0.0582,1,2,3.2621,74.8248,2.1148,0.0,Weak
0.7579,27,5,1.5585,11.5341,1.9207,0.7126,Strong
0.5347,13,4,2.4798,20.6243,2.1929,0.5695,Medium
0.6968,13,7,1.851,28.0757,1.2646,0.6397,Medium
0.1091,1,6,3.7318,55.8353,2.8275,0.1141,Weak
0.0803,2,3,3.8607,60.207,2.2962,0.0,Weak
0.0335,1,2,3.0773,43.0285,2.4282,0.0,Weak
0.3183,5,2,5.9527,50.6118,2.7589,0.3628,Weak
0.1358,5,6,4.3872,42.3157,2.6118,0.1294,Weak
0.8483,12,7,1.598,22.3573,1.6187,0.941,Strong
0.1062,0,7,5.5399,54.9643,2.6358,0.1387,Weak
0.5226,14,3,1.7476,36.6803,2.3931,0.4306,Medium
0.1258,2,6,3.3889,41.9103,2.7337,0.0,Weak
0.2327,4,3,3.5644,40.0092,2.0368,0.146,Weak
0.7852,25,1,1.2286,10.6391,1.7047,0.7941,Strong
0.9505,11,2,1.6949,11.0928,2.6829,0.9725,Strong
0.0379,0,3,5.4311,38.7011,1.7134,0.0733,Weak
0.923,27,6,1.6395,24.7904,2.2341,0.8898,Strong
0.9581,17,4,1.7605,10.1193,1.5538,0.9327,Strong
0.6642,14,3,2.8077,36.6712,2.727,0.7603,Medium
0.1065,1,2,5.4998,55.2141,1.2684,0.0083,Weak
0.7713,6,2,1.3849,13.9521,1.6918,0.8508,Strong
0.7062,14,5,2.9623,29.3133,2.0468,0.754,Medium
0.5075,8,1,2.4479,40.6888,2.2028,0.5721,Medium
0.3702,3,7,3.6281,71.7109,1.9926,0.3176,Weak
0.7443,4,1,2.8793,24.3873,2.0346,0.6866,Medium
0.2813,0,1,4.0084,56.3139,2.3275,0.256,Weak
0.5571,12,7,2.6254,24.3781,2.7532,0.5031,Medium
0.1823,2,6,2.5417,38.3516,1.9856,0.1644,Weak
0.723,13,2,2.0654,20.9735,1.6231,0.6886,Medium
0.6057,14,3,2.5414,25.2808,2.4748,0.6706,Medium
0.409,4,4,3.2197,39.9476,2.7901,0.3288,Weak
0.5147,14,5,2.4387,35.8985,2.3432,0.4894,Medium
0.6687,5,4,1.9382,20.0163,1.0077,0.6481,Medium
0.9783,23,7,1.4196,8.3039,2.4583,0.9889,Strong
0.2815,0,1,4.2745,60.3234,1.569,0.221,Weak
0.7561,10,4,1.194,20.321,2.3732,0.8118,Strong
0.6794,9,3,2.6718,44.9296,1.4132,0.7151,Medium
0.933,13,5,1.4042,17.7969,2.5958,0.8863,Strong
0.7645,12,3,1.3114,23.8842,1.3159,0.817,Strong
0.7696,9,5,1.4765,11.8155,1.4358,0.8273,Strong
0.0032,0,3,3.2621,46.9397,1.3782,0.0,Weak
0.5723,6,1,2.3124,25.0564,1.5789,0.5545,Medium
0.4536,12,1,1.6028,41.128,1.5647,0.5328,Medium
0.8093,27,3,1.7367,23.7292,2.7484,0.8998,Strong
0.0906,4,7,2.6155,43.4184,2.6992,0.0706,Weak
0.8786,7,4,1.7102,13.8982,1.8355,0.8697,Strong
0.0108,5,3,4.1346,36.0988,2.7935,0.0,Weak
0.9108,28,7,1.2494,10.1908,2.2525,0.8964,Strong
0.3551,1,7,2.9184,40.5094,1.0183,0.3436,Weak
0.5993,14,5,2.7807,24.3374,2.6112,0.5851,Medium
0.5694,12,5,2.6258,24.1873,2.606,0.6675,Medium
0.4698,10,1,2.9061,26.0375,2.6065,0.5467,Medium
0.5694,7,5,2.1474,22.3444,2.7453,0.5006,Medium
0.6612,5,5,2.1857,44.767,1.2108,0.7228,Medium
0.2286,3,6,4.3391,50.4042,2.4763,0.2534,Weak
0.9377,27,4,1.5573,20.7441,2.0226,0.9006,Strong
0.984,25,2,1.227,21.0422,2.2251,1.0,Strong
0.7593,6,3,1.3403,19.044,2.2021,0.7653,Strong
0.9463,28,6,1.4396,23.6375,2.0104,0.9921,Strong
0.9639,22,3,1.314,22.4705,2.968,0.941,Strong
0.5303,5,4,2.6311,23.8423,1.0366,0.5308,Medium
0.88,22,6,1.6027,24.9469,1.6287,0.8349,Strong
0.7891,24,6,1.0994,12.5152,2.0109,0.7756,Strong
0.8526,15,5,1.7287,21.8965,1.8451,0.9097,Strong
0.4955,7,1,2.9553,28.6271,1.9847,0.4619,Medium
0.9805,28,4,1.3941,11.2417,1.3475,0.995,Strong
0.7028,3,7,1.6957,25.8005,1.5537,0.767,Medium
0.8061,12,7,1.0654,8.6703,1.6904,0.7646,Strong
0.9519,21,4,1.4753,22.764,2.6588,0.9389,Strong
0.1041,1,4,4.7837,42.2653,2.0835,0.0,Weak
0.05,4,5,5.1573,67.2187,1.5355,0.0443,Weak
0.1129,0,1,3.1883,44.3748,1.1232,0.0748,Weak
0.7514,6,3,1.0345,18.948,2.3524,0.8184,Strong
0.3127,4,1,4.2099,67.0214,2.9441,0.2456,Weak
0.7255,14,4,2.3573,31.7017,2.8344,0.7191,Medium
0.6422,4,1,2.5431,23.575,1.223,0.6206,Medium
0.4657,9,3,2.0024,29.3281,1.549,0.5534,Medium
0.0791,2,3,5.8261,39.2506,2.7507,0.0,Weak
0.1154,0,1,3.904,45.9666,2.4057,0.089,Weak
0.5798,10,4,2.1567,34.829,2.4988,0.6228,Medium
0.7051,6,3,1.7078,37.2721,2.4782,0.7152,Medium
0.6578,7,5,2.0554,33.7105,2.6248,0.6264,Medium
0.0211,3,6,4.8343,43.5214,1.156,0.0,Weak
0.9345,11,2,1.6735,17.3646,1.0467,0.923,Strong
0.1281,3,4,3.0724,72.3041,1.271,0.1238,Weak
0.8522,12,1,1.6645,9.5553,1.9712,0.8994,Strong
0.4215,2,7,4.0754,44.4719,2.5302,0.4715,Weak
0.3902,5,2,3.4626,41.9358,2.2785,0.337,Weak
0.5632,14,7,1.6792,40.928,2.6913,0.505,Medium
0.0417,0,3,4.7436,65.1139,2.0342,0.0,Weak
0.5242,6,6,1.8245,34.2815,1.6857,0.4311,Medium
0.3564,5,1,4.1029,35.0299,1.4211,0.267,Weak
0.8472,25,2,1.094,21.184,1.2839,0.8375,Strong
0.4527,9,7,2.6062,39.8982,1.1619,0.4122,Medium
0.9402,8,7,1.2219,22.1137,2.5769,0.9753,Strong
0.1836,5,3,3.2703,48.8106,2.4771,0.0711,Weak
0.4504,13,3,1.879,41.3137,1.9531,0.5436,Medium
0.9641,18,5,1.7519,22.2292,1.3892,1.0,Strong
0.1886,5,5,5.1767,47.2577,1.9126,0.1106,Weak
0.9725,27,5,1.6537,21.3679,1.6126,1.0,Strong
0.4557,14,6,2.6387,32.0997,1.0511,0.4237,Medium
0.2558,4,1,4.1023,46.2719,2.6205,0.113,Weak
0.8939,13,7,1.6309,8.4972,1.2784,0.9789,Strong
0.6563,9,7,2.1917,40.1124,2.8065,0.6449,Medium
0.614,12,4,1.6987,42.238,2.6496,0.5683,Medium
0.5801,7,5,2.5596,39.0576,2.4927,0.6413,Medium
0.5929,3,5,2.6282,36.5492,1.8044,0.6395,Medium
0.2026,3,4,2.5513,42.3774,1.199,0.2467,Weak
0.9812,28,1,1.3941,9.8122,2.2682,1.0,Strong
0.2055,4,5,4.6743,61.8945,2.8018,0.1815,Weak
0.4527,8,4,2.6559,23.5081,1.5474,0.3852,Medium
0.8224,15,2,1.4907,18.035,1.5601,0.7845,Strong
0.7752,17,4,1.0885,18.4878,1.7903,0.8132,Strong
0.7943,9,3,1.3018,13.3599,1.7677,0.8453,Strong
0.6064,6,1,2.5477,25.4677,2.0879,0.5363,Medium
0.5409,11,1,2.4494,23.6819,2.9616,0.446,Medium
0.5713,9,1,1.9543,30.5834,1.1229,0.5519,Medium
0.7166,5,4,1.929,30.8087,1.6126,0.682,Medium
0.4719,13,2,2.9176,25.7457,2.1516,0.4388,Medium
0.9975,18,4,1.7892,24.7294,1.1329,1.0,Strong
0.6421,5,1,1.6353,39.4506,2.4113,0.7285,Medium
0.6844,8,1,2.1158,23.8731,2.9016,0.5877,Medium
0.7745,19,6,1.3016,18.0709,1.779,0.8032,Strong
0.4903,3,4,1.6786,31.4608,2.0622,0.3925,Medium
0.6001,6,2,2.0851,37.8775,1.469,0.6126,Medium
0.4717,3,3,2.8894,24.698,2.25,0.426,Medium
0.9693,24,6,1.263,9.2773,1.1419,0.9581,Strong
0.9258,27,5,1.1979,23.5431,2.7045,0.9778,Strong
0.3369,1,6,2.9613,41.9954,1.5592,0.337,Weak
0.7331,9,2,1.8714,24.6318,2.091,0.7851,Medium
0.4674,12,4,1.7483,33.3984,1.6518,0.5433,Medium
0.9658,9,7,1.5035,11.9283,1.5586,1.0,Strong
0.581,13,5,2.7099,33.779,1.9606,0.6541,Medium
0.0616,1,3,5.5506,60.2848,1.4381,0.1097,Weak
0.4617,4,5,1.8888,32.7645,1.8919,0.3697,Medium
0.7616,22,1,1.0937,15.6877,2.3358,0.773,Strong
0.6783,14,4,2.9725,34.9213,2.4657,0.602,Medium
0.9588,23,6,1.4719,14.0464,2.2038,0.9286,Strong
0.9909,9,5,1.6313,22.7917,2.8835,1.0,Strong
0.8307,25,7,1.6479,20.8901,1.6224,0.8608,Strong
0.6341,9,7,2.6002,23.9119,2.3653,0.5452,Medium
0.9088,9,3,1.3071,21.5562,2.5238,0.9797,Strong
0.7615,23,2,1.2871,19.6154,2.2059,0.7735,Strong
0.759,28,3,1.4454,15.9458,2.7151,0.764,Strong
0.1773,2,5,4.8343,60.4106,1.22,0.2074,Weak
0.8569,28,4,1.0622,23.2377,2.1209,0.8226,Strong
0.4719,7,2,2.9699,26.6015,2.3533,0.4295,Medium
0.3895,1,5,4.6201,38.163,1.1328,0.3855,Weak
0.1558,4,5,2.5948,70.9467,2.1198,0.0101,Weak
0.5221,14,6,1.7616,29.9466,2.5826,0.5599,Medium
0.3345,5,2,3.2711,43.828,1.2631,0.2688,Weak
0.538,6,5,2.4586,21.5599,2.5218,0.503,Medium
0.1882,5,4,5.5538,51.5482,2.4766,0.0584,Weak
0.7255,4,6,1.7641,24.2677,1.6784,0.7367,Medium
0.7061,6,1,2.321,30.1701,2.0522,0.7696,Medium
0.8857,26,6,1.2999,17.5139,2.2419,0.8465,Strong
0.7007,9,4,1.8849,20.4789,1.7754,0.6097,Medium
0.5615,11,2,2.3796,25.1885,2.2485,0.5771,Medium
0.6533,9,2,2.4731,34.9826,1.0634,0.6044,Medium
0.3219,1,2,2.5671,41.8215,1.9077,0.3312,Weak
0.2347,0,1,3.2284,38.0649,2.0546,0.252,Weak
0.8852,29,7,1.2693,23.0244,2.2916,0.839,Strong
0.7924,8,3,1.3453,24.9649,2.2722,0.7469,Strong
0.3237,1,2,3.2695,74.9191,2.2263,0.3132,Weak
0.1233,4,6,4.2536,72.3768,1.8606,0.0112,Weak
0.7563,16,2,1.3773,11.8049,2.9761,0.8497,Strong
0.7392,14,1,2.1235,35.4882,1.5192,0.6562,Medium
0.8921,11,6,1.1675,13.0549,1.7892,0.9182,Strong
0.9377,19,3,1.3696,13.1164,1.9254,0.9519,Strong
0.9306,26,6,1.3579,19.8369,1.119,0.8851,Strong
0.2764,3,1,4.5343,37.4705,2.2372,0.3174,Weak
0.5573,10,5,2.5852,22.2096,1.6085,0.5888,Medium
0.5931,14,2,2.2149,43.1781,1.4911,0.629,Medium
0.994,22,7,1.792,10.9562,1.1434,1.0,Strong
0.1306,0,3,5.9438,42.3426,1.5725,0.1732,Weak
0.3692,1,7,5.211,38.2804,2.1583,0.3692,Weak
0.6776,6,1,2.3849,24.017,1.2257,0.7735,Medium
0.3982,3,4,2.9361,53.3482,2.6255,0.3489,Weak
0.3285,2,3,4.4074,39.6062,1.6095,0.1945,Weak
0.9633,7,6,1.3988,8.3616,2.3371,1.0,Strong
0.6018,9,3,1.8,25.1112,1.0821,0.505,Medium
0.6093,6,6,2.2304,22.1141,1.4478,0.6598,Medium
0.7997,12,3,1.7759,12.6027,1.2525,0.8787,Strong
0.9427,28,2,1.371,19.3574,1.5206,1.0,Strong
0.4816,6,3,2.9589,33.1919,2.4111,0.3881,Medium
0.9872,25,2,1.0809,10.9986,1.855,0.9419,Strong
0.3659,1,3,5.0038,73.3634,1.2526,0.3943,Weak
0.7171,6,6,2.4367,40.9539,1.5342,0.6254,Medium
0.4766,13,7,2.6626,31.848,1.4712,0.378,Medium
0.6798,8,1,2.4422,34.4702,1.8908,0.7433,Medium
0.7743,26,1,1.4566,18.6676,1.2411,0.8231,Strong
0.9016,11,5,1.0965,21.7115,2.6052,0.9512,Strong
0.6716,13,6,1.9513,40.9342,2.1249,0.7032,Medium
0.0536,1,2,3.3061,37.1739,1.4028,0.0,Weak
0.7006,10,7,2.8362,34.3152,2.8083,0.7469,Medium
0.8465,23,6,1.4559,21.9054,2.7606,0.8601,Strong
0.0863,4,7,2.9355,55.8693,1.1716,0.0,Weak
0.7685,25,5,1.4431,19.2017,2.7115,0.8665,Strong
0.8277,18,2,1.4675,21.5986,1.6106,0.8267,Strong
0.6639,8,6,1.989,37.6849,1.5628,0.6557,Medium
0.8327,28,4,1.3636,8.3351,2.3883,0.8667,Strong
0.7343,14,2,2.2464,32.6765,2.2937,0.7725,Medium
0.2014,0,1,5.4401,64.1015,2.0868,0.1985,Weak
0.6819,13,4,2.4928,28.382,1.0855,0.5898,Medium
0.1511,1,3,4.882,70.4224,1.7366,0.1961,Weak
0.1401,4,5,5.2191,71.3339,2.0889,0.1306,Weak
0.4856,3,5,1.9435,31.4581,1.9984,0.4018,Medium
0.5384,6,5,1.7098,24.247,1.6563,0.5277,Medium
0.5127,12,4,1.8875,31.3691,1.2161,0.4962,Medium
0.2929,5,4,4.8549,74.1332,2.8915,0.3322,Weak
0.214,3,1,4.9043,49.4595,2.0672,0.0739,Weak
0.8758,27,7,1.0935,20.0422,1.5187,0.9685,Strong
0.9315,12,6,1.534,23.5943,1.414,0.9461,Strong
0.6884,8,1,1.8733,39.906,1.1763,0.6123,Medium
0.5512,6,5,2.5816,34.5798,2.9028,0.6284,Medium
0.789,14,4,1.7164,20.5196,2.0661,0.8546,Strong
0.8597,19,5,1.6082,21.8692,1.7292,0.9317,Strong
0.717,11,7,1.6896,32.1959,2.2405,0.701,Medium
0.6983,6,2,1.779,30.8368,1.2945,0.7205,Medium
0.0819,1,5,4.5286,44.6426,2.0255,0.0195,Weak
0.127,0,5,5.5437,62.8702,2.0642,0.0752,Weak
0.3228,4,2,4.0426,58.2528,1.4681,0.2973,Weak
0.9769,10,7,1.5478,15.1642,2.9536,1.0,Strong
0.4513,8,2,2.6513,38.9183,2.1076,0.516,Medium
0.7428,10,7,2.6477,40.066,1.6293,0.7186,Medium
0.9572,29,4,1.5968,16.9146,1.9007,0.9537,Strong
0.8345,13,2,1.2063,9.52,2.578,0.8025,Strong
0.1619,0,2,5.9817,53.1307,2.037,0.0407,Weak
0.9114,18,7,1.2154,9.1111,1.229,0.8916,Strong
0.8419,26,4,1.3876,24.508,1.822,0.8142,Strong
0.7592,19,7,1.2865,8.1869,1.0693,0.773,Strong
0.2293,1,2,5.8155,39.9427,1.325,0.1352,Weak
0.9208,22,7,1.3178,12.4167,2.086,1.0,Strong
0.9731,11,3,1.7898,20.9813,2.4533,0.9354,Strong
0.1392,2,2,3.3545,62.1555,1.6712,0.029,Weak
0.8236,25,4,1.0695,22.8699,2.3573,0.8482,Strong
0.3547,1,3,2.5239,38.81,1.0461,0.344,Weak
0.927,22,7,1.073,9.925,1.6335,1.0,Strong
0.5963,13,6,1.7435,37.9099,2.8871,0.5388,Medium
0.1295,1,5,5.0081,65.0218,1.2079,0.0177,Weak
0.9517,13,2,1.7578,20.0389,2.962,1.0,Strong
0.1341,1,1,4.0887,39.8642,2.0639,0.0735,Weak
0.6068,9,1,2.6206,37.4039,1.6143,0.5437,Medium
0.1768,5,4,2.6914,60.534,1.9384,0.2004,Weak
0.8212,27,2,1.4945,11.5092,2.5892,0.8826,Strong
0.599,9,1,2.0337,41.1218,1.5113,0.5197,Medium
0.1865,3,7,5.748,53.5044,1.6508,0.1187,Weak
0.6499,13,6,1.9868,29.7308,2.6445,0.6106,Medium
0.8467,16,2,1.7413,8.8742,2.3044,0.8739,Strong
0.2404,5,7,4.8998,51.145,1.4214,0.1385,Weak
0.3376,0,6,2.8832,51.7154,1.3783,0.3292,Weak
0.6048,3,6,2.9226,30.0472,1.2438,0.551,Medium
0.0834,2,2,2.6617,50.5806,2.7416,0.0338,Weak
0.9665,9,2,1.0087,23.7347,2.3918,0.9834,Strong
0.5447,8,5,2.5464,24.2432,1.5589,0.4587,Medium
0.217,4,2,4.2361,60.3972,2.8149,0.0678,Weak
0.8964,20,4,1.4268,22.9748,1.6946,0.9081,Strong
0.8119,13,5,1.1309,12.4158,2.8002,0.8428,Strong
0.6878,9,6,2.3747,23.5306,1.1741,0.7022,Medium
0.317,2,5,5.8198,44.7483,1.4895,0.17,Weak
0.8925,15,3,1.5167,16.1579,2.4479,0.8749,Strong
0.3524,1,3,2.9797,63.0458,1.5248,0.3106,Weak
0.1193,4,1,4.2993,59.4457,2.8366,0.1312,Weak
0.3585,1,1,4.1021,70.2964,1.7671,0.2205,Weak
0.3236,0,6,2.5073,38.2672,2.5602,0.3721,Weak
0.7176,5,7,2.2059,35.5936,2.3216,0.6901,Medium
0.2628,0,3,4.4262,66.2692,2.8464,0.2171,Weak
0.4786,7,1,2.096,41.7667,2.004,0.4099,Medium
0.1302,0,6,3.3899,46.8758,1.0624,0.1576,Weak
0.0288,0,6,3.329,61.6786,1.1718,0.0504,Weak
0.6721,11,1,2.6929,42.7057,1.4871,0.7045,Medium
0.6561,6,3,2.4984,35.6154,1.7528,0.6525,Medium
0.1222,1,1,4.0569,69.3256,2.7376,0.0258,Weak
0.973,10,4,1.0293,13.4247,2.6476,1.0,Strong
0.1525,0,6,4.8933,59.6473,1.8855,0.0387,Weak
0.913,19,7,1.5023,24.049,1.2277,0.9035,Strong
0.779,19,4,1.4185,11.7735,2.6741,0.8038,Strong
0.7629,8,3,1.4162,22.8561,2.7114,0.861,Strong
0.5741,9,1,1.6216,21.2997,1.3698,0.6012,Medium
0.738,11,6,2.8023,26.9661,1.4141,0.6688,Medium
0.4558,8,2,2.5522,34.821,1.274,0.5427,Medium
0.8344,25,5,1.4443,16.9367,1.5998,0.9339,Strong
0.5114,8,7,2.2791,29.4938,1.5993,0.4666,Medium
0.5101,3,7,2.3315,25.5028,1.7966,0.5996,Medium
0.0941,2,5,5.5037,40.361,2.7255,0.0063,Weak
0.5453,8,6,2.4748,28.166,1.2438,0.642,Medium
0.3881,5,7,4.0128,70.1191,1.5407,0.2483,Weak
0.6389,8,2,2.5418,21.6814,1.3349,0.5981,Medium
0.6195,9,4,1.9214,29.1848,2.4294,0.6478,Medium
0.7613,17,3,1.4348,19.1937,2.6673,0.7939,Strong
0.8205,26,7,1.4667,19.6941,2.8881,0.8748,Strong
0.8436,8,2,1.0825,20.0231,2.1552,0.9074,Strong
0.847,23,5,1.1213,22.0389,1.8881,0.8501,Strong
0.3191,1,4,2.8753,50.3355,1.8934,0.361,Weak
0.7218,7,6,1.8282,34.8826,2.865,0.8023,Medium
0.5758,10,7,2.3499,22.7898,2.0627,0.5965,Medium
0.5576,9,3,2.484,44.9889,2.6659,0.4979,Medium
0.878,10,2,1.3172,20.4537,1.4749,0.9562,Strong
0.4733,7,2,2.3194,26.7736,2.7425,0.506,Medium
0.8568,20,6,1.375,8.382,2.0814,0.8573,Strong
0.0764,1,3,2.6356,63.5959,1.7663,0.0634,Weak
0.4768,6,7,2.9222,34.0849,1.0033,0.4701,Medium
0.7799,6,5,1.3645,20.2785,2.7424,0.7894,Strong
0.0959,1,6,5.6046,61.9058,1.2548,0.0094,Weak
0.7784,14,3,1.784,21.1055,2.0125,0.787,Strong
0.06,2,2,5.7818,69.658,1.0812,0.0872,Weak
0.1929,2,6,5.8141,58.9743,1.1891,0.2095,Weak
0.8463,21,1,1.4297,16.9919,1.7238,0.889,Strong
0.9967,23,1,1.7706,24.084,2.9582,0.9905,Strong
0.8055,23,2,1.7998,22.1938,2.1967,0.8634,Strong
0.7629,18,5,1.4261,8.9833,1.3089,0.7908,Strong
0.3706,2,7,4.2964,39.403,1.8484,0.315,Weak
0.8886,20,1,1.1118,9.4788,2.5124,0.8813,Strong
0.3827,4,7,5.9407,45.6493,1.9749,0.2926,Weak
0.6826,6,4,2.8114,44.9039,1.443,0.7143,Medium
0.4524,13,3,1.6307,40.5595,2.2571,0.4309,Medium
0.1819,0,3,2.6845,47.0958,1.2622,0.1045,Weak
0.6912,11,1,2.72,42.448,2.9552,0.6046,Medium
0.8685,9,7,1.3513,16.17,2.9223,0.8458,Strong
0.3014,1,4,5.374,64.6809,2.8112,0.1812,Weak
0.7726,25,7,1.2805,12.9078,2.5478,0.8325,Strong
0.8981,11,7,1.2807,20.5375,2.9682,0.9957,Strong
0.524,3,2,2.0295,20.5606,1.8214,0.4694,Medium
0.9083,6,3,1.2765,18.0339,1.3922,0.9362,Strong
0.0356,1,7,3.7277,63.9107,1.3496,0.0,Weak
0.8977,28,3,1.2786,16.0929,2.2626,0.8834,Strong
0.1996,0,1,3.4114,38.1572,1.0996,0.1358,Weak
0.8066,24,5,1.4977,11.654,2.0247,0.8305,Strong
0.5449,6,2,2.4698,39.5935,2.7901,0.4955,Medium
0.1678,3,6,5.7632,59.9497,2.3371,0.2018,Weak
0.6367,6,1,2.8268,33.8166,2.7073,0.6156,Medium
0.6548,4,4,2.3067,33.9334,2.3904,0.6476,Medium
0.9539,26,7,1.7129,14.9485,1.6502,0.9098,Strong
0.4436,3,4,3.7172,67.5484,2.4407,0.4768,Weak
0.5637,13,6,2.4226,43.0327,2.9838,0.5078,Medium
0.7988,26,2,1.0857,9.3082,1.5152,0.7698,Strong
0.928,10,2,1.6989,19.9948,2.0148,0.9577,Strong
0.3873,3,3,4.5476,74.8397,2.7902,0.2624,Weak
0.78,19,6,1.7973,24.7348,1.5945,0.7642,Strong
0.4241,2,1,3.142,65.2616,1.4207,0.4699,Weak
0.5786,4,7,1.7475,39.8149,2.1663,0.6262,Medium
0.2319,4,2,3.5379,39.0183,2.8754,0.1294,Weak
0.915,8,6,1.1921,16.4234,1.7237,0.9138,Strong
0.8738,28,2,1.7893,19.2801,2.463,0.9403,Strong
0.8072,20,3,1.7598,12.4102,2.4798,0.8081,Strong
0.2622,5,2,4.9052,63.5981,1.1409,0.1961,Weak
0.6323,13,3,2.5079,24.4839,2.0699,0.5535,Medium
0.6235,9,6,2.8535,22.0684,1.4198,0.6558,Medium
0.2828,5,7,3.4631,48.667,2.5168,0.2182,Weak
0.3972,3,6,5.3599,62.1989,2.2895,0.2524,Weak
0.6443,13,3,2.9584,37.4737,1.2785,0.724,Medium
0.5709,13,6,2.7992,43.4767,2.2721,0.5694,Medium
0.864,7,5,1.046,17.1357,2.6072,0.877,Strong
0.591,12,3,2.9108,26.841,2.0163,0.6763,Medium
0.5798,6,6,1.8599,29.2867,2.3776,0.6607,Medium
0.6192,6,1,2.8187,34.9228,2.5926,0.6893,Medium
0.4396,2,3,2.7248,56.4588,2.9278,0.4188,Weak
0.9903,27,3,1.61,22.1463,2.2468,1.0,Strong
0.0456,5,7,2.5095,58.2895,1.1317,0.0,Weak
0.2315,0,2,5.9941,46.5655,1.4305,0.132,Weak
0.9694,23,6,1.2766,23.8445,2.5884,0.9939,Strong
0.5546,5,5,2.7585,25.3728,2.9731,0.6338,Medium
0.9693,22,3,1.0814,15.1631,1.0234,1.0,Strong
0.5163,13,3,2.5689,28.5103,2.4897,0.5799,Medium
0.1538,2,4,3.9276,43.6244,1.0878,0.0159,Weak
0.6476,4,5,1.9715,42.2282,1.0103,0.7284,Medium
0.9827,27,4,1.6977,22.8161,1.4064,1.0,Strong
0.4635,13,2,2.9438,21.0015,2.3828,0.5222,Medium
0.9227,7,5,1.1177,18.1163,1.9753,0.9395,Strong
0.858,8,1,1.538,8.9309,2.3086,0.9062,Strong
0.0047,2,5,4.3347,68.8257,2.7186,0.0072,Weak
0.0931,0,6,4.2988,43.1502,2.3786,0.0,Weak
0.6285,11,7,2.9406,35.1712,1.7265,0.6348,Medium
0.8178,13,6,1.5194,15.7059,1.6959,0.8875,Strong
0.9668,15,7,1.0642,8.7156,1.6863,1.0,Strong
0.0227,4,3,4.3231,71.5878,1.809,0.0437,Weak
0.9255,7,6,1.7756,11.7103,2.3459,0.9952,Strong
0.3652,0,6,3.8331,36.3761,2.1438,0.3139,Weak
0.7989,25,1,1.2737,8.1086,2.2413,0.8425,Strong
0.0808,5,6,3.2904,64.5572,2.4222,0.0858,Weak
0.1525,1,1,2.8589,59.3111,1.2123,0.1945,Weak
0.0614,3,2,5.5719,59.8792,2.2525,0.0,Weak
0.5997,12,5,1.8314,33.9196,1.8875,0.6769,Medium
0.1289,3,1,5.3761,40.7449,2.2268,0.0,Weak
0.6432,8,6,2.165,44.8908,1.4843,0.6248,Medium
0.0184,5,1,2.5441,50.3161,1.9236,0.0483,Weak
0.2098,5,4,4.3602,71.1781,2.5409,0.0768,Weak
0.6925,8,1,2.6001,42.696,1.1639,0.6552,Medium
0.9441,17,3,1.4892,18.5556,1.7507,0.9097,Strong
0.5324,6,1,1.9643,33.4506,2.3428,0.5413,Medium
0.3874,4,3,4.0562,60.4834,2.2101,0.378,Weak
0.1811,1,7,5.8932,36.2605,1.2395,0.1862,Weak
0.8297,26,1,1.1199,17.1798,2.9281,0.7941,Strong
0.7041,10,7,2.0259,29.2394,2.6242,0.6604,Medium
0.9267,21,7,1.4222,8.4316,2.3727,0.9488,Strong
0.2193,2,6,3.2808,64.3904,1.4998,0.1107,Weak
0.1159,2,6,3.449,42.6939,2.8916,0.0233,Weak
0.5314,14,6,1.8202,40.6354,1.1123,0.5379,Medium
0.0461,4,5,3.4279,55.3663,2.8245,0.0918,Weak
0.5544,9,3,2.5997,44.3836,1.2373,0.4557,Medium
0.9084,8,6,1.0362,17.3848,2.5079,0.9262,Strong
0.6031,4,5,2.9536,20.2091,1.2863,0.6277,Medium
0.5436,5,6,1.7427,42.1523,2.68,0.6101,Medium
0.6064,7,2,1.7297,27.163,2.9876,0.5926,Medium
0.8681,14,6,1.7122,12.1339,2.8766,0.8298,Strong
0.1562,0,6,2.8597,39.4805,1.2012,0.0185,Weak
0.4929,3,1,1.7844,42.524,2.823,0.3994,Medium
0.3764,1,4,3.4373,40.8207,2.7804,0.407,Weak
0.3083,3,4,3.5563,36.1292,2.868,0.1972,Weak
0.0447,4,4,5.2449,36.9805,1.6029,0.0,Weak
0.9925,10,7,1.76,22.2613,2.8123,1.0,Strong
0.9646,27,2,1.7457,24.5493,2.5236,0.9557,Strong
0.647,7,7,2.3455,39.2362,2.9715,0.7339,Medium
0.5606,5,4,2.2763,36.8697,1.4653,0.4839,Medium
0.7586,21,2,1.2994,11.0266,1.3748,0.8242,Strong
0.7966,16,6,1.35,13.0511,1.8868,0.883,Strong
0.5845,11,4,2.6211,37.7191,2.5304,0.6257,Medium
0.664,5,4,2.0381,35.2424,1.7973,0.5953,Medium
0.9256,14,7,1.1285,9.8781,1.972,0.9367,Strong
0.0487,5,5,2.9599,74.5396,1.0367,0.0828,Weak
0.5398,7,3,2.7435,39.1629,2.1999,0.6269,Medium
0.7382,6,3,2.0996,31.3497,2.4253,0.6573,Medium
0.5394,14,3,1.8511,28.5476,1.4637,0.5457,Medium
0.4254,3,1,4.4098,47.8613,1.1312,0.4502,Weak
0.4729,3,4,2.5172,27.8469,2.1237,0.5676,Medium
0.5226,4,6,2.3498,28.2058,2.5186,0.6087,Medium
0.2101,1,1,3.4942,39.6793,2.8844,0.0997,Weak
0.3006,2,5,4.6844,53.0026,2.7427,0.3144,Weak
0.1662,3,1,4.7087,35.0251,2.9337,0.0437,Weak
0.0532,0,1,5.0225,71.7018,1.6066,0.0206,Weak
0.924,11,2,1.2905,14.8328,2.7474,0.9755,Strong
0.7602,8,2,1.7018,9.2942,2.6534,0.7285,Strong
0.7959,11,3,1.3588,16.8202,1.404,0.779,Strong
0.181,1,6,3.8888,58.7655,2.0029,0.18,Weak
0.9887,15,6,1.4596,19.1391,1.32,1.0,Strong
0.4551,11,1,2.2076,20.7507,2.6886,0.4053,Medium
0.3856,5,7,4.3948,53.0514,2.7232,0.3669,Weak
0.6021,14,7,2.143,43.2286,1.0442,0.5283,Medium
0.7734,20,6,1.2964,23.7147,1.8437,0.7297,Strong
0.7844,29,3,1.2066,18.1463,2.2013,0.8233,Strong
0.777,8,1,1.789,9.4536,1.8941,0.8329,Strong
0.5311,5,2,2.1663,36.3586,1.2747,0.5958,Medium
0.823,27,3,1.073,13.6695,1.1669,0.8379,Strong
0.7566,15,6,1.4961,10.6963,2.1154,0.7983,Strong
0.4588,7,3,1.9113,35.6832,2.1579,0.4308,Medium
0.0236,3,5,4.1925,46.1245,2.2665,0.0,Weak
0.2529,4,4,5.6715,67.8368,1.8476,0.2244,Weak
0.5297,6,7,1.6127,31.6252,1.6526,0.4914,Medium
0.109,0,4,4.9484,47.9377,1.567,0.1428,Weak
0.8729,14,4,1.3701,22.0196,1.771,0.9293,Strong
0.7372,14,7,2.9788,32.9502,2.5702,0.6557,Medium
0.3802,0,6,2.9674,74.2104,1.8681,0.2653,Weak
0.9366,28,1,1.2215,17.6551,2.4045,0.9049,Strong
0.9746,9,1,1.071,20.4478,1.6777,1.0,Strong
0.2464,1,6,3.4125,43.709,2.5424,0.2361,Weak
0.2325,5,6,4.0928,72.3432,1.738,0.1793,Weak
0.8903,25,5,1.1505,14.7521,2.33,0.9437,Strong
0.2775,3,4,5.0006,72.3957,2.0039,0.1311,Weak
0.7686,27,5,1.1789,22.6504,1.9426,0.8086,Strong
0.0514,1,3,5.6841,55.2956,1.7567,0.0,Weak
0.8946,22,5,1.7435,24.0604,2.6448,0.8933,Strong
0.6209,14,2,2.9339,34.1932,1.8262,0.6714,Medium
0.8313,7,6,1.7209,11.0353,1.4253,0.859,Strong
0.653,8,5,2.4269,35.5118,1.195,0.5831,Medium
0.6813,12,5,2.1452,39.3811,2.7139,0.677,Medium
0.8724,7,1,1.4488,23.545,1.2299,0.9312,Strong
0.9323,17,6,1.7944,10.6546,1.1393,0.898,Strong
0.0349,2,4,5.0461,71.1147,1.492,0.0,Weak
0.5603,3,3,2.9254,44.023,2.7175,0.494,Medium
0.7038,5,7,2.0152,35.8098,1.1685,0.7552,Medium
0.507,3,5,2.1498,36.5417,1.7208,0.4393,Medium
0.8824,19,1,1.1024,12.1888,1.28,0.9779,Strong
0.9525,6,4,1.7174,11.9713,2.1173,1.0,Strong
0.8202,23,6,1.4261,13.7779,2.2076,0.8164,Strong
0.5848,11,3,2.744,26.4894,1.1418,0.6501,Medium
0.3098,5,1,3.292,74.7431,1.4551,0.3085,Weak
0.575,14,3,2.956,24.1839,1.1623,0.4903,Medium
0.7966,19,2,1.6484,24.1237,2.9256,0.8564,Strong
0.7373,5,4,2.362,27.4846,2.4019,0.6819,Medium
0.4007,0,6,2.7486,53.1429,1.4336,0.4001,Weak
0.6863,7,5,2.3002,32.1816,1.6244,0.6523,Medium
0.6621,3,4,2.5436,26.0374,1.9025,0.5722,Medium
0.5952,6,5,2.7739,30.9935,2.905,0.5193,Medium
0.7065,11,3,1.8568,23.1372,2.3613,0.6532,Medium
0.106,5,7,4.8163,40.0233,1.4156,0.0683,Weak
0.0827,3,1,5.7824,60.0708,1.5653,0.0,Weak
0.9545,26,3,1.3319,12.5675,1.1931,0.9318,Strong
0.9509,15,6,1.3012,13.0059,1.036,0.9799,Strong
0.7288,13,7,2.2948,37.366,2.5861,0.6521,Medium
0.748,8,7,1.9074,43.0185,1.9748,0.8434,Medium
0.0543,5,6,2.8396,74.3144,1.6414,0.0424,Weak
0.799,13,6,1.3749,16.0251,2.652,0.8227,Strong
0.6819,7,3,2.207,38.4357,2.4178,0.7508,Medium
0.5121,7,5,2.797,39.3193,2.3335,0.5372,Medium
0.3131,0,6,3.0971,39.6304,1.3258,0.2049,Weak
0.528,4,5,2.5876,34.5175,1.2316,0.6229,Medium
0.1912,4,3,4.0092,63.772,1.4672,0.2341,Weak
0.2541,0,7,3.5428,69.1251,2.8946,0.2818,Weak
0.8123,25,4,1.1301,23.1754,1.2214,0.893,Strong
0.5921,14,1,2.7522,39.9573,1.8909,0.5284,Medium
0.7673,26,2,1.657,12.8796,1.4026,0.7851,Strong
0.8399,6,7,1.1493,14.0286,2.1544,0.9205,Strong
0.6522,3,6,1.9477,23.4287,2.7059,0.7192,Medium
0.8279,17,5,1.7888,9.4509,2.4205,0.7976,Strong
0.9065,7,1,1.4994,22.744,1.6047,0.9514,Strong
0.5559,4,7,2.5641,31.226,1.9694,0.6253,Medium
0.8373,9,3,1.3792,9.5569,1.5614,0.9116,Strong
0.8286,20,1,1.2476,11.0844,2.0933,0.7864,Strong
0.789,11,7,1.256,15.2102,2.8302,0.8123,Strong
0.5399,14,2,2.8285,43.4491,2.4758,0.519,Medium
0.2856,2,6,4.5593,45.9417,1.9697,0.1568,Weak
0.9849,8,1,1.3394,11.5684,1.9884,0.9525,Strong
0.8796,14,1,1.1898,15.102,1.2843,0.9283,Strong
0.1482,0,1,2.6683,48.1504,2.3484,0.0701,Weak
0.6807,6,5,1.6594,36.3533,1.3543,0.6963,Medium
0.4249,5,3,4.0287,68.7674,2.6248,0.4446,Weak
0.6273,12,5,2.0671,40.0361,2.9242,0.6811,Medium
0.3203,4,6,3.4739,70.6409,1.82,0.2021,Weak
0.5091,13,1,2.0953,39.0612,1.3863,0.4991,Medium
0.9315,29,1,1.0507,24.9134,1.6812,0.9386,Strong
0.8684,14,7,1.2411,13.9128,1.6808,0.8344,Strong
0.3852,4,1,4.282,35.764,2.8672,0.2426,Weak
0.9907,25,4,1.3295,17.1286,1.908,0.9434,Strong
0.8197,14,4,1.6179,18.156,2.0429,0.7757,Strong
0.807,14,7,1.6707,15.2286,2.4074,0.9034,Strong
0.3406,5,3,5.6259,49.3491,2.8881,0.2096,Weak
0.6434,4,6,2.5893,20.4786,2.565,0.6225,Medium
0.5279,14,4,2.0574,34.4829,1.3987,0.4381,Medium
0.4942,8,1,2.2215,27.6616,2.5359,0.509,Medium
0.9924,13,3,1.6217,9.1403,1.9185,1.0,Strong
0.6403,14,1,1.717,25.4552,2.1987,0.6748,Medium
0.7128,9,5,1.6932,20.7526,2.4017,0.7058,Medium
0.7907,21,2,1.2679,19.5624,1.6849,0.8734,Strong
0.3059,3,3,2.9921,74.2439,1.5724,0.2677,Weak
0.8743,19,7,1.1829,19.0741,1.1579,0.9546,Strong
0.5197,9,1,2.6179,28.1128,2.1557,0.5389,Medium
0.6408,9,5,2.2361,34.0852,2.4694,0.5875,Medium
0.9386,18,1,1.738,10.2115,1.9847,1.0,Strong
0.2566,1,5,3.9867,64.6151,1.9202,0.1739,Weak
0.0287,2,5,2.7984,73.9138,2.2233,0.0,Weak
0.8873,10,1,1.7507,23.1087,1.7684,0.8463,Strong
0.8228,27,3,1.6019,13.6984,1.3042,0.8138,Strong
0.465,5,5,1.7546,32.0795,2.3155,0.5315,Medium
0.9521,27,4,1.5608,15.1217,1.0252,0.9574,Strong
0.0632,2,2,2.8724,35.7412,2.918,0.0996,Weak
0.4663,10,6,2.7154,22.3729,1.9252,0.554,Medium
0.3366,3,7,5.1155,64.0991,1.134,0.2906,Weak
0.3933,3,1,4.2949,57.1675,2.4133,0.4397,Weak
0.7368,4,2,2.1832,28.0291,2.2721,0.8064,Medium
0.1602,3,7,3.6305,50.9773,2.185,0.107,Weak
0.5001,5,6,1.7419,31.0573,2.026,0.477,Medium
0.4805,5,5,2.0721,20.7616,2.0892,0.5364,Medium
0.0137,1,7,4.6691,48.5444,1.9099,0.0,Weak
0.2056,3,7,5.3563,71.4691,1.966,0.1573,Weak
0.9211,10,1,1.565,17.87,2.4387,1.0,Strong
0.7936,15,4,1.7596,12.4585,1.769,0.8742,Strong
0.9821,25,7,1.7124,18.4697,1.142,0.9587,Strong
0.1466,3,6,5.0136,64.374,1.6197,0.1188,Weak
0.438,4,1,4.012,52.894,2.0812,0.3974,Weak
0.2262,3,4,4.8114,56.1105,2.5209,0.1476,Weak
0.5495,9,2,2.2318,38.7692,2.2366,0.5879,Medium
0.0146,4,2,5.2698,41.3816,2.8276,0.0,Weak
0.6374,11,7,2.9538,41.9796,2.725,0.5583,Medium
0.9964,13,4,1.7013,15.1191,1.1877,1.0,Strong
0.7328,6,5,1.8804,25.8126,1.3885,0.6943,Medium
0.6623,9,5,2.7546,22.0568,1.9555,0.5724,Medium
0.1478,5,1,4.87,36.152,1.9217,0.1436,Weak
0.8857,18,2,1.224,10.8396,1.862,0.94,Strong
0.685,14,3,1.9466,31.7277,2.6728,0.665,Medium
0.3181,5,1,5.3192,45.2732,1.0255,0.2181,Weak
0.7031,10,3,2.0049,40.9558,2.1288,0.7642,Medium
0.1745,0,3,3.5615,42.9852,2.5399,0.1285,Weak
0.5386,12,2,1.9744,37.6285,1.0754,0.5096,Medium
0.3914,0,7,3.7806,42.7999,2.3802,0.3066,Weak
0.5943,11,1,2.3269,38.7566,1.109,0.6285,Medium
0.6933,5,4,2.8625,21.6541,1.6673,0.7632,Medium
0.8812,23,5,1.2629,14.783,2.788,0.9333,Strong
0.9652,8,6,1.2187,17.2078,1.4838,1.0,Strong
0.915,27,6,1.0532,22.6562,1.0619,0.9178,Strong
0.8892,14,4,1.1021,13.9621,2.8266,0.9788,Strong
0.4078,1,4,5.9967,51.2759,1.4894,0.3113,Weak
0.3677,2,7,3.45,60.9817,1.8094,0.286,Weak
0.7733,12,5,1.1111,21.5901,2.9431,0.7587,Strong
0.9679,29,2,1.0211,15.4142,2.6098,1.0,Strong
0.0467,5,7,5.7917,64.1969,1.8743,0.0,Weak
0.2059,1,7,5.5318,56.6495,2.7195,0.1773,Weak
0.4877,11,7,2.8804,44.9309,2.348,0.5707,Medium
0.8353,20,5,1.3673,13.6821,2.4872,0.8098,Strong
0.8828,24,4,1.0415,24.4747,1.0509,0.9047,Strong
0.6158,10,4,2.3738,42.203,2.1653,0.6347,Medium
0.8437,13,7,1.7252,22.4599,1.8809,0.8002,Strong
0.4293,4,7,4.2991,65.5827,1.7252,0.2999,Weak
0.3639,4,3,2.8212,56.6811,1.5126,0.2524,Weak
0.5677,8,5,2.1821,25.9537,2.6588,0.641,Medium
0.4219,5,1,4.2868,53.8529,2.3316,0.466,Weak
0.6723,4,2,2.0941,29.0107,2.6352,0.6951,Medium
0.7736,19,1,1.102,18.7408,1.9511,0.8341,Strong
0.9156,21,2,1.7578,15.0486,2.0816,0.9596,Strong
0.5464,5,7,2.7007,26.6159,2.8677,0.5152,Medium
0.9404,9,1,1.023,8.7984,2.6586,0.9537,Strong
0.4203,1,6,5.8173,47.8023,1.136,0.4035,Weak
0.7541,24,1,1.6269,23.9261,2.4053,0.7313,Strong
0.8261,13,5,1.2346,18.0517,1.3684,0.7884,Strong
0.5329,5,1,1.617,44.9407,1.948,0.5024,Medium
0.8867,21,7,1.301,16.5373,1.9423,0.9748,Strong
0.9743,21,3,1.5127,19.8098,1.6627,0.9353,Strong
0.6845,7,7,1.7586,25.2909,1.6154,0.6797,Medium
0.4511,3,7,2.0027,23.252,1.936,0.4427,Medium
0.0927,3,3,2.7624,62.5673,2.1047,0.0691,Weak
0.1428,2,2,5.5316,35.1947,2.1315,0.1293,Weak
0.3764,3,7,2.6677,66.4602,1.0564,0.3396,Weak
0.1431,3,5,4.8833,73.7284,1.3808,0.1143,Weak
0.7437,8,2,2.7746,39.0213,2.8444,0.8079,Medium
0.1182,0,2,5.3641,36.522,2.3392,0.0101,Weak
0.7735,20,2,1.5349,22.945,2.5968,0.7244,Strong
0.4159,1,1,4.8508,67.6006,1.5951,0.4254,Weak
0.6464,8,2,2.3585,25.8606,2.8774,0.7322,Medium
0.0991,2,6,4.2472,51.5071,2.4294,0.1234,Weak
0.811,28,4,1.2951,16.0616,2.4281,0.9058,Strong
0.7999,17,7,1.3532,13.8879,2.9343,0.8096,Strong
0.8439,22,5,1.1367,15.0989,1.8928,0.8756,Strong
0.3574,2,1,3.1027,68.9786,1.6193,0.3503,Weak
0.4543,8,7,2.3623,24.8744,1.1075,0.4546,Medium
0.0251,4,1,4.2123,64.8251,2.4159,0.0,Weak
0.9854,19,4,1.0268,10.7329,2.9877,1.0,Strong
0.9078,6,1,1.2019,22.0916,2.9101,0.988,Strong
0.7744,9,3,1.6575,14.1607,2.0548,0.7954,Strong
0.7374,14,5,2.2875,38.1252,2.4914,0.7949,Medium
0.5571,13,2,1.8404,23.8623,1.8617,0.5426,Medium
0.0061,4,3,2.513,47.1049,1.4504,0.0057,Weak
0.7678,29,2,1.6378,18.7781,1.4555,0.7503,Strong
0.5386,6,6,2.5816,35.9094,1.8036,0.4986,Medium
0.0284,4,2,3.3134,52.6072,2.4598,0.0113,Weak
0.4031,2,2,3.069,53.3993,1.5142,0.363,Weak
0.6879,5,3,1.9499,41.4949,2.173,0.6332,Medium
0.7663,28,2,1.4946,10.3946,2.7639,0.7482,Strong
0.0916,1,2,3.5743,67.7694,2.8969,0.0296,Weak
0.0408,1,6,3.3377,37.467,2.208,0.0,Weak
0.8348,9,2,1.7174,14.1366,2.2216,0.8353,Strong
0.0088,1,1,4.2269,71.6831,2.1223,0.0,Weak
0.2743,3,4,5.4156,42.5594,1.0494,0.2925,Weak
0.3101,4,1,4.913,56.1707,1.7926,0.1667,Weak
0.4901,9,3,2.82,34.4176,1.3432,0.5037,Medium
0.2777,5,3,5.7538,72.1974,1.3528,0.2409,Weak
0.3813,0,4,5.9937,61.8939,1.6413,0.3914,Weak
0.013,3,2,3.7233,46.1736,1.9589,0.0,Weak
0.0339,1,2,3.2347,70.0924,1.7464,0.0083,Weak
0.385,0,6,4.7902,38.0718,2.1134,0.2535,Weak
0.5362,8,4,2.8125,40.0703,2.0693,0.5201,Medium
0.8419,18,4,1.5633,9.4076,2.0349,0.9288,Strong
0.4632,3,3,2.5299,24.8792,2.1039,0.4381,Medium
0.3802,4,4,3.1207,49.404,1.9943,0.374,Weak
0.9084,18,7,1.1091,12.1709,1.6339,0.9518,Strong
0.3329,1,3,3.4337,71.244,2.7795,0.3607,Weak
0.7224,12,5,2.3044,34.2719,1.4043,0.7835,Medium
0.1796,4,7,5.1234,43.4077,2.0898,0.1183,Weak
0.1422,2,6,2.8202,45.7676,2.6455,0.1649,Weak
0.1149,3,4,5.4813,52.6602,2.4995,0.0538,Weak
0.2942,3,7,4.0724,53.2604,1.9728,0.2704,Weak
0.0358,4,7,2.5247,38.5929,2.3348,0.0,Weak
0.7862,26,3,1.4415,10.9813,2.198,0.802,Strong
0.4284,4,5,3.2805,48.6588,1.101,0.3791,Weak
0.2824,4,6,5.7602,71.1276,2.1406,0.2778,Weak
0.6033,5,5,2.766,40.1666,1.1263,0.6973,Medium
0.7903,11,7,1.3346,12.5571,2.7167,0.8745,Strong
0.9933,29,1,1.37,22.6547,2.2158,0.944,Strong
0.172,0,7,4.2998,72.6351,1.0008,0.1271,Weak
0.3245,0,1,3.5838,41.1766,2.8902,0.2176,Weak
0.8771,27,7,1.651,17.9117,1.7608,0.9083,Strong
0.5931,6,4,2.7878,20.1328,2.5759,0.5088,Medium
0.7279,7,3,2.5283,36.5421,2.2831,0.6903,Medium
0.7196,4,6,1.9791,25.7341,1.2311,0.8089,Medium
0.4544,10,7,1.8837,26.9253,1.1373,0.546,Medium
0.1327,2,7,5.0047,53.9818,2.3085,0.1035,Weak
0.447,5,4,4.0616,37.0321,2.5323,0.4172,Weak
0.6002,4,6,2.6702,39.4262,2.8481,0.6179,Medium
0.8848,8,7,1.1203,10.3819,1.6095,0.8439,Strong
0.9737,21,5,1.7251,23.2669,2.6565,0.9425,Strong
0.8099,18,7,1.6817,19.3056,2.6627,0.8467,Strong
0.5723,4,3,1.6526,40.0954,1.7339,0.5254,Medium
0.1521,1,4,2.8345,57.8672,2.6732,0.0773,Weak
0.9159,10,4,1.2914,22.4363,1.587,0.9867,Strong
0.2644,4,1,3.9822,68.4865,1.5083,0.2497,Weak
0.7252,11,6,2.2196,23.602,2.0074,0.6715,Medium
0.1583,3,3,5.9163,46.038,1.2419,0.062,Weak
0.8942,23,6,1.4093,11.9102,2.2728,0.9176,Strong
0.9003,18,7,1.7243,15.6643,2.5865,0.8913,Strong
0.9321,9,6,1.4962,20.5466,2.1435,0.9709,Strong
0.8262,17,5,1.0582,23.5524,2.1195,0.9058,Strong
0.5721,7,6,2.117,27.8457,2.5664,0.5526,Medium
0.4941,11,3,2.533,32.1134,1.5218,0.5146,Medium
0.8292,13,4,1.5964,21.5793,1.0203,0.8648,Strong
0.9094,8,2,1.1075,23.7718,2.2738,0.9105,Strong
0.3726,1,7,2.684,40.2269,1.1936,0.2509,Weak
0.3588,0,6,2.937,67.09,1.4291,0.3997,Weak
0.0223,2,6,4.7557,42.1154,1.6289,0.0605,Weak
0.6455,13,3,2.951,36.694,1.6414,0.6807,Medium
0.4571,9,3,1.9002,25.2698,1.4246,0.5182,Medium
0.2125,3,1,3.3029,47.5391,1.7808,0.1066,Weak
0.1037,2,1,3.6687,45.427,2.5786,0.0076,Weak
0.3208,3,3,3.2641,59.8223,1.8315,0.3559,Weak
0.785,22,2,1.4846,21.0606,2.0679,0.751,Strong
0.4861,11,7,2.6128,44.3346,1.5672,0.4889,Medium
0.804,28,1,1.465,11.1695,1.2852,0.8235,Strong
0.1814,1,3,5.1313,73.5971,1.7725,0.0421,Weak
0.4687,13,3,1.9226,38.0684,2.5901,0.3708,Medium
0.9771,11,3,1.4161,18.2088,1.1273,1.0,Strong
0.2398,1,3,2.8613,56.3323,1.6046,0.1087,Weak
0.691,13,1,2.9259,24.7732,1.9544,0.6239,Medium
0.0158,2,5,4.0249,72.0026,1.0186,0.0003,Weak
0.0168,1,3,3.3928,57.6977,1.1585,0.0,Weak
0.6841,8,7,2.7706,35.208,1.7916,0.7206,Medium
0.7474,11,5,2.64,26.4116,2.6596,0.7308,Medium
0.3175,1,7,5.6435,48.2663,2.3016,0.3526,Weak
0.0519,4,6,2.9362,70.2062,1.3925,0.0,Weak
0.737,10,3,2.1918,40.1104,2.422,0.8313,Medium
0.6856,10,6,2.4635,23.242,1.8944,0.6948,Medium
0.2463,0,4,3.3813,46.5775,2.0182,0.1848,Weak
0.0907,4,4,4.6994,49.3502,1.5055,0.0036,Weak
0.6258,8,4,2.365,20.8419,1.6996,0.686,Medium
0.1234,0,6,3.0622,55.5825,1.0873,0.1311,Weak
0.6772,13,7,2.8023,40.6428,2.6978,0.6494,Medium
0.2768,3,5,4.2403,65.9267,1.3942,0.272,Weak
0.8757,8,1,1.5373,23.3003,2.9909,0.8813,Strong
0.9024,25,4,1.0908,10.3271,2.1656,0.9043,Strong
0.1329,4,4,5.8349,70.5499,1.5357,0.1182,Weak
0.2143,4,5,3.8534,61.0045,2.6389,0.0664,Weak
0.904,26,2,1.7197,22.9367,2.0834,0.9265,Strong
0.7442,11,5,2.1953,29.3867,2.4522,0.8309,Medium
0.043,1,5,4.2484,52.1938,2.5893,0.0346,Weak
0.3609,5,2,5.098,39.1455,1.0921,0.3721,Weak
0.4189,2,4,3.1658,40.089,2.1448,0.2871,Weak
0.5372,12,2,2.5091,35.6,2.6583,0.6108,Medium
0.6002,11,4,2.7299,36.4878,1.4354,0.6664,Medium
0.9543,26,5,1.0607,19.7028,1.945,1.0,Strong
0.681,8,5,1.9622,42.4341,2.8316,0.7499,Medium
0.8252,21,1,1.5374,22.1056,1.479,0.8843,Strong
0.5253,4,7,2.1767,30.7496,2.4502,0.5381,Medium
0.3774,3,6,2.5758,43.6841,1.889,0.3505,Weak
0.9743,13,2,1.1379,10.3259,2.0331,0.9616,Strong
0.1461,3,2,4.7247,37.7723,1.8219,0.0866,Weak
0.9489,13,1,1.6924,24.1493,1.5508,0.9643,Strong
0.84,10,5,1.1939,16.7157,2.3768,0.801,Strong
0.1691,1,7,5.2612,46.6145,1.9865,0.1271,Weak
0.6232,11,5,2.3547,36.208,1.8564,0.7155,Medium
0.8295,25,3,1.7759,23.2074,2.7455,0.9103,Strong
0.7904,25,4,1.1416,22.8401,1.2161,0.7459,Strong
0.0868,5,5,4.3287,49.4323,1.3826,0.0,Weak
0.857,28,2,1.4749,11.9603,1.1604,0.9109,Strong
0.161,3,1,2.8037,58.525,1.3636,0.0829,Weak
0.9338,26,7,1.1453,9.7427,1.5515,1.0,Strong
0.2192,3,2,2.9166,60.7488,2.3426,0.1693,Weak
0.9623,26,6,1.5986,8.5771,1.263,1.0,Strong
0.6133,5,4,2.6331,28.883,2.3095,0.5454,Medium
0.9877,14,2,1.722,10.5932,2.2692,0.9414,Strong
0.9824,23,4,1.7462,18.6105,1.5844,1.0,Strong
0.5811,5,7,2.0962,32.2406,1.8247,0.5796,Medium
0.1556,1,4,5.6873,43.2719,1.8467,0.0267,Weak
0.3778,5,6,5.3322,57.2976,2.9699,0.28,Weak
0.4929,3,4,2.4173,38.9679,1.6121,0.5431,Medium
0.4687,4,3,2.0093,31.4896,1.9563,0.3765,Medium
0.2308,3,1,5.6941,35.6278,1.7965,0.1487,Weak
0.7933,24,7,1.772,22.9168,1.0551,0.878,Strong
0.6367,12,2,1.9764,41.6165,1.3719,0.5568,Medium
0.7432,8,3,2.7731,24.5709,1.4632,0.6968,Medium
0.448,1,7,4.124,40.5721,2.7068,0.4792,Weak
0.5874,11,5,2.2425,22.5245,1.0288,0.5406,Medium
0.524,3,2,2.9321,44.194,2.7568,0.5616,Medium
0.0266,3,7,2.8442,71.927,1.2325,0.0,Weak
0.085,5,5,5.6907,58.337,2.3749,0.1132,Weak
0.6581,11,1,2.8283,33.1184,2.4763,0.6263,Medium
0.5176,7,2,2.8891,40.2256,1.803,0.5972,Medium
0.4133,3,6,3.7007,69.3976,2.4447,0.4226,Weak
0.5609,12,4,1.9759,36.9383,2.5005,0.5835,Medium
0.4997,9,2,2.8344,32.2348,1.4837,0.5097,Medium
0.5098,8,6,1.9795,37.491,2.7258,0.5752,Medium
0.6867,14,4,2.0001,39.1088,2.8616,0.6568,Medium
0.4225,0,7,5.4344,42.6669,1.537,0.3301,Weak
0.7398,13,5,2.2048,25.7219,2.5057,0.8263,Medium
0.6231,3,5,2.583,39.0144,1.5985,0.6054,Medium
0.2057,4,7,2.5081,62.3331,2.9517,0.1605,Weak
0.4869,6,6,2.2127,29.2087,2.224,0.4668,Medium
0.8734,9,6,1.2827,11.4847,2.8144,0.8535,Strong
0.3334,3,6,4.2289,36.2537,1.7282,0.333,Weak
0.6472,5,5,2.932,36.216,2.6301,0.7139,Medium
0.6783,9,7,2.4628,27.2865,1.5235,0.7102,Medium
0.3485,3,6,5.1611,63.6949,1.2651,0.264,Weak
0.3376,1,4,5.5177,37.2291,1.4835,0.3483,Weak
0.3033,1,5,4.3447,39.0757,1.0786,0.3102,Weak
0.7754,23,5,1.1651,19.7687,2.0253,0.852,Strong
0.843,28,5,1.4047,13.88,2.1775,0.8123,Strong
0.5497,3,7,1.6938,40.6715,1.2767,0.5965,Medium
0.0314,0,5,3.9642,52.4117,1.8861,0.0579,Weak
0.8572,16,4,1.4521,24.4709,1.7731,0.8192,Strong
0.7351,3,5,2.187,21.2561,1.9284,0.7882,Medium
0.0561,1,6,5.138,61.5613,1.8056,0.0,Weak
0.1313,0,4,4.0615,61.7706,2.666,0.1283,Weak
0.7388,8,1,2.33,36.8499,1.8224,0.673,Medium
0.4553,8,3,2.4252,41.1847,1.0415,0.4699,Medium
0.1423,2,1,5.6479,51.3175,2.3238,0.1922,Weak
0.5186,8,7,1.8259,25.5126,1.6029,0.4667,Medium
0.5128,11,2,2.5592,32.3142,2.9355,0.498,Medium
0.7564,11,4,1.7795,8.221,1.222,0.8018,Strong
0.2321,0,7,5.7404,38.3585,1.8655,0.0825,Weak
0.6221,14,7,1.6,33.9765,1.6265,0.5856,Medium
0.5353,13,2,2.0061,26.2252,2.0551,0.4698,Medium
0.0993,3,5,3.7016,58.5161,2.8813,0.0875,Weak
0.2413,3,3,5.883,69.127,1.7046,0.2912,Weak
0.1193,5,4,4.0353,60.2447,1.8133,0.0,Weak
0.5929,4,7,2.7499,27.0262,2.2263,0.608,Medium
0.9105,12,5,1.1351,11.1473,1.4381,0.8856,Strong
0.9857,23,7,1.6152,10.9185,2.4864,1.0,Strong
0.1398,2,4,3.21,36.7804,2.147,0.1326,Weak
0.7805,20,3,1.0679,8.2226,1.1588,0.8608,Strong
0.283,1,3,5.0051,65.5014,2.9565,0.1377,Weak
0.9487,18,4,1.5707,8.6291,2.6424,0.9669,Strong
0.9536,12,4,1.576,20.9375,2.0668,0.9947,Strong
0.8216,24,5,1.6156,24.8499,1.6377,0.8299,Strong
0.638,14,7,1.914,25.4417,2.3154,0.736,Medium
0.8532,12,3,1.469,17.8969,2.7271,0.9518,Strong
0.5979,13,1,2.4161,20.7936,1.8563,0.6238,Medium
0.0043,1,2,5.8388,62.5833,1.9603,0.005,Weak
0.4922,6,2,2.3537,28.5661,1.441,0.4709,Medium
0.5581,10,5,2.6258,27.8194,2.3471,0.5299,Medium
0.8202,6,6,1.7697,14.813,2.3023,0.772,Strong
0.7955,13,6,1.5055,22.7882,1.2814,0.8495,Strong
0.3886,1,3,3.4933,58.3758,2.3877,0.3385,Weak
0.5226,7,3,2.6058,20.9745,2.2593,0.4463,Medium
0.8205,22,1,1.5129,17.2015,2.7399,0.8525,Strong
0.8888,14,6,1.1031,15.3921,1.0913,0.8584,Strong
0.5026,8,2,2.8539,42.7651,1.125,0.601,Medium
0.8313,10,1,1.0489,11.0698,1.9871,0.7873,Strong
0.5728,14,2,2.725,29.6831,1.7159,0.594,Medium
0.1808,3,7,2.7478,59.183,1.3369,0.2012,Weak
0.3835,2,2,5.1131,74.2902,2.0366,0.3017,Weak
0.9259,9,5,1.6533,16.4175,1.5768,0.9781,Strong
0.6815,3,4,1.7646,22.1754,1.4804,0.6335,Medium
0.8806,18,1,1.4885,11.001,1.3337,0.9308,Strong
0.1076,0,4,2.9889,60.7224,1.3214,0.0621,Weak
0.4833,9,4,2.5761,30.6213,2.1957,0.5651,Medium
0.3831,4,1,4.9154,45.4265,1.2542,0.3866,Weak
0.8234,7,2,1.2281,12.8831,1.0875,0.8908,Strong
0.2004,4,7,5.3876,45.3111,1.0469,0.1969,Weak
0.771,25,5,1.2229,17.2123,1.0734,0.7462,Strong
0.9081,17,4,1.1704,18.2536,1.8609,0.8897,Strong
0.7044,8,2,2.8472,26.5812,1.2298,0.7693,Medium
0.7097,12,2,1.9955,21.8526,2.264,0.7432,Medium
0.7444,7,5,1.7436,29.3043,2.4506,0.7503,Medium
0.2125,1,6,3.6749,64.1455,2.9413,0.1699,Weak
0.714,5,1,1.7289,23.9052,2.5464,0.7364,Medium
0.2442,4,1,5.5427,39.778,2.2788,0.1358,Weak
0.2202,4,3,2.9803,64.401,2.7755,0.1324,Weak
0.0212,4,3,5.4144,72.8123,2.9742,0.0,Weak
0.7523,12,2,1.3686,19.1993,2.1441,0.7735,Strong
0.9914,13,1,1.0673,16.4723,1.3245,1.0,Strong
0.7339,3,6,1.614,21.2404,1.761,0.7692,Medium
0.45,12,5,2.4004,38.7046,1.8317,0.402,Medium
0.1078,3,3,3.605,49.7756,1.7346,0.0,Weak
0.9283,16,6,1.4961,22.5468,2.5321,0.8982,Strong
0.1701,2,6,2.8655,46.64,1.9521,0.0406,Weak
0.5917,9,6,2.0162,26.8822,2.7549,0.6546,Medium
0.7178,4,4,2.6128,38.115,1.2123,0.7366,Medium
0.9885,8,4,1.2577,21.4423,1.7381,0.9526,Strong
0.8031,26,5,1.4588,23.6543,2.967,0.8723,Strong
0.924,24,3,1.7436,17.8615,1.2811,0.8751,Strong
0.6533,13,7,2.9678,41.5749,2.0741,0.5825,Medium
0.7944,13,1,1.3207,9.1532,1.2976,0.805,Strong
0.8302,11,7,1.3138,20.2238,2.785,0.8876,Strong
0.3564,0,5,5.4748,46.995,2.3851,0.307,Weak
0.903,17,7,1.6333,21.6485,1.8806,0.9956,Strong
0.5087,8,1,2.4182,23.673,2.5863,0.4256,Medium
0.2746,1,5,3.6961,39.7202,1.3869,0.2284,Weak
0.3324,1,2,2.5238,54.3254,1.8318,0.2548,Weak
0.5136,10,4,1.7058,37.4284,2.373,0.4942,Medium
0.3803,4,1,4.507,54.7392,2.3017,0.4065,Weak
0.7444,10,7,2.0337,29.0351,2.8659,0.6892,Medium
0.0864,5,5,4.6753,45.7543,1.9469,0.0192,Weak
0.8105,24,3,1.1215,21.9247,1.5536,0.8285,Strong
0.1993,0,3,4.7898,38.2268,2.8079,0.1007,Weak
0.6281,13,2,2.3079,36.1186,1.1446,0.6165,Medium
0.4641,6,5,2.8685,41.4506,1.7935,0.4503,Medium
0.2309,5,1,3.5498,66.1371,2.409,0.1708,Weak
0.5715,3,3,2.1327,25.4679,2.9625,0.5809,Medium
0.112,3,4,4.1924,52.9871,1.9729,0.0,Weak
0.7353,9,2,2.575,31.6575,2.1071,0.7592,Medium
0.9628,23,5,1.4695,23.9642,2.1873,1.0,Strong
0.7849,8,6,1.6317,8.0787,2.2306,0.7575,Strong
0.7365,9,6,2.5724,21.9243,2.2767,0.6747,Medium
0.9496,16,2,1.0896,14.5336,2.385,1.0,Strong
0.0723,3,6,4.7509,63.0962,2.0878,0.0873,Weak
0.9509,18,4,1.7268,23.9329,2.7542,0.9213,Strong
0.2238,5,1,4.81,65.8008,1.9684,0.2015,Weak
0.8585,23,4,1.4022,17.6174,1.3083,0.8469,Strong
0.624,12,2,1.6967,30.9545,2.3234,0.5446,Medium
0.8544,8,6,1.6503,10.3691,1.6025,0.8877,Strong
0.402,4,1,4.0554,56.0062,2.2356,0.3466,Weak
0.0258,1,5,4.8939,36.386,2.3812,0.0,Weak
0.9094,26,2,1.2248,12.0491,1.6079,0.912,Strong
0.839,13,2,1.1314,20.2981,1.2323,0.8357,Strong
0.4651,4,4,2.0699,37.309,2.6411,0.4714,Medium
0.974,12,4,1.3047,16.2863,1.563,0.948,Strong
0.2634,4,7,3.1631,38.8656,1.9647,0.1285,Weak
0.1146,4,3,5.724,54.9007,2.2083,0.0,Weak
0.1459,4,4,4.511,56.1227,1.3514,0.1434,Weak
0.3276,1,7,2.8135,70.279,2.3381,0.289,Weak
0.2463,2,4,4.1417,54.7417,1.7272,0.2224,Weak
